Title,Neighborhood,Listing_Type,Property_Code,Rooms,Property_Type,Parking,Bedrooms,Bathrooms,Directions,Features
Radhey Mohan Drive (ag1033),Radhey Mohan Drive,For Rent,ag1033,,Farm House,1,4,4,,Swimming Pool
Bijwasan (ag907),Bijwasan,For Rent,ag907,,Farm House,,,,,
Westend Greens (ag904),Westend Greens,For Rent,ag904,,Apartment,1,5,5,,"Fruit & Vegetable Garden, Staff Quarter, Swimming Pool"
Kapashera (ag903),Kapashera,For Rent,ag903,,Apartment,1,4,4,,"Fruit & Vegetable Garden, Generator, Lawn, Swimming Pool"
Kapashera (ag962),Kapashera,For Rent,ag962,,Farm House,1,4,4,,"Lawn, Swimming Pool"
Sarvodaya Enclave (ag837),Sarvodaya Enclave,For Sale,ag837,,Apartment,1,4,4,,"Basement, Fully Furnished"
G.K 2 (ag831),G.K-2,For Sale,ag831,,Apartment,1,3,3,South West,"Air Conditioning, Equipped Kitchen, Lift, Power Backup, Staff Quarter, Stilt Parking, Two Side Open"
GulMohar Park (ag830),Gulmohar Park,For Sale,ag830,,Apartment,1,3,3,,"Air Conditioning, Stilt Parking"
GulMohar Park (ag815),Gulmohar Park,For Sale,ag815,,Apartment,,4,,South West,"Air Conditioning, Equipped Kitchen, Lift, Power Backup, Staff Quarter"
Asola (ag644),Asola,For Sale,ag644,,Farm House,1,5,5,,Swimming Pool
Vasant Vihar (ag661-2),Vasant Vihar,For Sale,ag661-2,20,Entire Building,,,20,,"Basement, Stilt Parking, Terrace"
Anand Niketan (ag1148),Anand Niketan,For Sale,ag1148,,Apartment,,3,3,South West,"Air Conditioning, Gas Pipeline"
Chanakyapuri (ag1018),Chanakyapuri,For Sale,ag1018,,Apartment,1,4,4,,"Air Conditioning, Basement, Equipped Kitchen, Gas Pipeline, Power Backup, Staff Quarter"
Vasant Vihar (ag1187),Vasant Vihar,For Sale,ag1187,,Apartment,1,4,4,,"Air Conditioning, Equipped Kitchen, Gas Pipeline, Power Backup, Staff Quarter, Terrace"
Panchsheel Enclave (ag1218),Pansheel Enclave,For Sale,ag1218,,,1,3,3,,"Air Conditioning, Equipped Kitchen, Gas Pipeline, Stilt Parking"
Vasant Vihar (ag563),Vasant Vihar,For Sale,ag563,,Apartment,1,4,4,North,"Air Conditioning, Equipped Kitchen, Gas Pipeline, Lift, Power Backup, Staff Quarter, Terrace"
Vasant Vihar (ag277),Vasant Vihar,For Sale,ag277,,Apartment,1,4,4,West,Terrace
Vasant Vihar (ag615),Vasant Vihar,For Sale,ag615,,Apartment,1,4,4,East,"Air Conditioning, Equipped Kitchen, Gas Pipeline, Lift, Power Backup, Staff Quarter"
Vasant Vihar (ag901),Vasant Vihar,For Sale,ag901,,Apartment,1,3,3,South East,"Air Conditioning, Gas Pipeline, Power Backup, Staff Quarter, Stilt Parking"
Vasant Vihar (ag337),Vasant Vihar,For Sale,ag337,,Apartment,1,4,4,West,"Air Conditioning, Driveway Parking, Gas Pipeline"
Pushpanjali (ag472),Pushpanjali,For Rent,ag472,,,,4,4,,"Staff Quarter, Swimming Pool"
Vasant Vihar (ag1182-1),Vasant Vihar,For Sale,ag1182-1,,Apartment,1,4,4,North West,"Air Conditioning, Equipped Kitchen, Gas Pipeline, Power Backup, Staff Quarter"
Satbari (ag1297),Satbari,For Sale,ag1297,,Farm House,,5,5,,Swimming Pool
Satbari (ag1296),Satbari,For Sale,ag1296,,Farm House,,6,6,,Swimming Pool
Satbari (ag1311),Satbari,For Rent,ag1311,,Farm House,,3,3,,
Satbari (ag1303),Satbari,"For Rent, For Sale",ag1303,,Farm House,,3,3,,
Pushpanjali (ag1266),Pushpanjali,For Rent,ag1266,,Farm House,1,8,8,,"Air Conditioning, Staff Quarter, Swimming Pool"
Defence Colony (ag985),Defence Colony,For Sale,ag985,,Apartment,1,2,2,,"Air Conditioning, Equipped Kitchen, Gas Pipeline, Power Backup"
Dera Mandi (ag656),Dera Mandi,For Rent,ag656,,Farm House,1,4,4,,
Dera Mandi (ag1349),Dera Mandi,For Sale,ag1349,,Farm House,,6,6,,"Brand New, Swimming Pool"
Dera Mandi (ag1354),Dera Mandi,For Sale,ag1354,,Farm House,,13,13,,
Green Park Main (ag1367),Green Park Main,For Sale,ag1367,,Apartment,,3,3,,"Basement, Equipped Kitchen, Furnished, Stilt Parking, Terrace"
Dera Mandi (ag1374),Dera Mandi,For Sale,ag1373,,Farm House,,,,,
Neeti Bagh (ag852),Neeti Bagh,For Sale,ag852,,Apartment,2,4,4,,"Air Conditioning, Brand New, Equipped Kitchen, Gas Pipeline, Lawn, Park Facing, Power Backup, Staff Quarter, Stilt Parking"
Vasant Kunj Farms (ag392),Vasant Kunj Farms,For Rent,ag392,,Farm House,,7,7,,"Air Conditioning, Gas Pipeline, Generator, Lawn, Security, Staff Quarter, Stilt Parking, Swimming Pool, Terrace"
Kapashera (ag487),Kapashera,For Rent,ag487,,Farm House,1,6,6,,"Air Conditioning, Power Backup, Swimming Pool"
Bandh Road (ag1379),Bandh Road,For Rent,ag1379,,Farm House,,4,4,,Swimming Pool
Gulmohar Park (ag1381),Gulmohar Park,For Sale,ag1381,,Duplex,,,,,
Dera Mandi (ag654),Dera Mandi,For Rent,ag654,,Farm House,1,4,4,,"Air Conditioning, Generator, Lawn, Security, Staff Quarter"
Dera Mandi (ag658),Dera Mandi,For Rent,ag658,,Farm House,1,3,3,,Generator
Dera Mandi (ag659),Dera Mandi,For Rent,ag659,,Farm House,1,5,5,,"Air Conditioning, Generator, Lawn, Swimming Pool"
Ghitorni (ag664),Ghitorni,For Rent,ag664,,Farm House,1,4,4,,"Air Conditioning, Generator, Staff Quarter, Swimming Pool"
Ghitorni (ag665),Ghitorni,For Rent,ag665,,Farm House,1,5,5,,"Air Conditioning, Swimming Pool"
Ghitorni (ag668),Ghitorni,For Rent,ag668,,Farm House,1,5,5,,"Air Conditioning, Staff Quarter, Swimming Pool"
Ghitorni (ag669),Ghitorni,For Rent,ag669,,Farm House,1,6,6,,
Ghitorni (ag671),Ghitorni,For Rent,ag671,,Farm House,1,4,4,,"Air Conditioning, Fully Furnished, Generator, Staff Quarter, Swimming Pool"
Jangpura Extension (ag1139),Jangpura Extension,For Rent,ag1139,,Apartment,1,2,2,,Park Facing
Bijwasan (ag1242),Bijwasan,For Rent,ag1242,,Farm House,1,3,3,,
Bandh Road (ag974),Chattarpur,For Sale,ag974,,Farm House,,,,,
Hauz Khas (ag1355),Hauz Khas,For Sale,ag1355,,Apartment,1,4,4,North,"Brand New, Four Side Open, Park Facing, Power Backup, Quiet Location, Staff Quarter, Stilt Parking, Terrace"
Chattarpur (ag1280),Chattarpur,For Sale,ag1280,,Farm House,,5,5,,
G.K 2 (ag1358),G.K-2,For Sale,ag1358,,Apartment,1,4,4,,"Brand New, Stilt Parking"
Pushpanjali (ag1240),Pushpanjali,For Rent,ag1240,,Farm House,1,4,4,,Swimming Pool
Mayfair Garden (ag1430),Mayfair Garden,For Rent,ag1430,,Apartment,,2,2,,"Air Conditioning, Equipped Kitchen, Gas Pipeline, Inverter, Stilt Parking, Terrace"
Chandan Hola (ag1377),Chandan Hola,For Rent,ag1377,,Duplex,,6,6,,Fully Furnished
Jor Bagh  (ag1470),Jor Bagh,For Rent,ag1470,,Duplex,1,5,5,,"Air Conditioning, Equipped Kitchen, Gas Pipeline, Generator, Stilt Parking"
Anand Niketan (ag1108),Anand Niketan,For Rent,ag1108,,Apartment,1,3,3,,"Air Conditioning, Equipped Kitchen, Gas Pipeline, Park Facing, Power Backup, Staff Quarter"
Vasant Vihar (ag284-1),Vasant Vihar,For Rent,ag284-1,,Apartment,1,3,3,,"Air Conditioning, Corner Plot, Generator, Lift, Staff Quarter, Stilt Parking"
Vasant Vihar (ag443),Vasant Vihar,For Rent,ag443,,Apartment,1,3,3,,"Basement, Furnished, Gas Pipeline, Power Backup"
Vasant Vihar (ag277-1),Vasant Vihar,For Sale,ag277-1,,Apartment,1,4,4,West,"Air Conditioning, Equipped Kitchen, Gas Pipeline, Power Backup, Staff Quarter, Terrace"
Lajpat Nagar (ag1485),Lajpat Nagar,For Rent,ag1485,,Apartment,,,,,
Satbari (ag1290),Satbari,For Sale,ag1290,,Farm House,,,,,Swimming Pool
Vasant Vihar (ag1414),Vasant Vihar,For Sale,ag1414,,Apartment,,,,,
Vasant Vihar (ag192),Vasant Vihar,For Rent,ag192,,Apartment,1,5,5,,"Air Conditioning, Gas Pipeline, Generator, Security, Staff Quarter"
Satbari (ag1291),Satbari,For Rent,ag1291,,Farm House,,6,6,,"Power Backup, Staff Quarter, Swimming Pool"
Radhey Mohan Drive (ag638),Radhey Mohan Drive,For Rent,ag638,,Farm House,1,5,5,,"Air Conditioning, Generator, Swimming Pool"
Westend Greens (ag1498),Westend Greens,For Rent,ag1498,,Farm House,,5,5,,
Chatterpur (ag1500),Chattarpur,For Rent,ag1500,,Farm House,,5,5,,"Air Conditioning, Equipped Kitchen, Power Backup, Staff Quarter, Swimming Pool"
Vasant Kunj Farms (ag1508),Vasant Kunj Farms,For Sale,ag1508,,Farm House,1,5,5,,
Chattarpur (ag629),Chattarpur,For Rent,ag629,,Farm House,1,8,8,,"Fully Furnished, Generator"
Panchsheel Enclave (ag1422),Pansheel Enclave,For Sale,ag1422,,Apartment,,,,,Fully Furnished
Vasant Vihar (ag1521),Vasant Vihar,For Rent,ag1521,,Independent House,,8,8,,"Air Conditioning, Lawn"
Vasant Vihar (ag1454-1),Vasant Vihar,For Rent,ag1454-1,,Apartment,1,2,2,,"Air Conditioning, Driveway Parking, Equipped Kitchen, Gas Pipeline, Power Backup"
Vasant Vihar (ag1523),Vasant Vihar,For Rent,ag1523,,Service Apartment,1,4,4,,Fully Furnished
Westend Greens (ag1530),Westend Greens,For Rent,ag1530,,Farm House,,,,,
Dera Mandi (ag1357),Dera Mandi,For Sale,ag1357,,,,5,5,,Swimming Pool
Nizamuddin East (ag1540),Nizamuddin East,For Sale,ag1540,,Independent House,,4,3,,"Driveway Parking, Park Facing"
Defence Colony (ag1314),Defence Colony,For Rent,ag1314,,Independent House,,4,4,,"Air Conditioning, Equipped Kitchen, Gas Pipeline, Staff Quarter, Stilt Parking, Terrace"
Anand Niketan (ag406),Anand Niketan,For Rent,ag406,,Apartment,1,3,3,,"Air Conditioning, Gas Pipeline, Generator, Outside Parking"
Vasant Vihar (ag441),Vasant Vihar,For Rent,ag441,,Apartment,1,4,4,,"Air Conditioning, Basement, Driveway Parking, Equipped Kitchen, Gas Pipeline, Generator, Staff Quarter"
Anand Niketan (ag278),Anand Niketan,For Rent,ag278,,Apartment,1,3,3,,"Air Conditioning, Gas Pipeline, Generator, Lift, Staff Quarter, Terrace"
Panchsheel Park (ag1565),Panchsheel Park,For Rent,ag1565,,Apartment,1,4,4,,"Air Conditioning, Equipped Kitchen, Power Backup, Staff Quarter, Stilt Parking"
Vasant Vihar (ag532),Vasant Vihar,For Sale,ag532,,Apartment,1,4,4,,"Air Conditioning, Equipped Kitchen, Gas Pipeline, Lift, Power Backup, Staff Quarter, Stilt Parking"
Vasant Vihar (ag147-1),Vasant Vihar,For Sale,ag147-1,,Apartment,1,3,3,,"Air Conditioning, Equipped Kitchen, Gas Pipeline, Generator, Park Facing"
Westend (ag179),Westend,For Rent,ag179,,Apartment,1,2,2,,"Air Conditioning, Equipped Kitchen, Gas Pipeline, Power Backup"
Luxurious 4-Bedroom Farmhouse for Rent | 1.75 Acres | Vasant Kunj | ₹6 Lakhs,Vasant Kunj Farms,For Rent,ag1022,,Farm House,1,4,4,,"Air Conditioning, Generator, Lawn, Swimming Pool"
Defence Colony (ag1015-1),Defence Colony,For Sale,ag1015-1,,Apartment,1,4,4,,"Fully Furnished, Gas Pipeline, Generator, Staff Quarter, Stilt Parking"
Vasant Vihar (ag1361),Vasant Vihar,For Sale,ag1361,,Duplex,1,5,5,North-East,"Air Conditioning, Equipped Kitchen, Gas Pipeline, Park Facing, Power Backup, Quiet Location, Staff Quarter, Stilt Parking"
Radhey Mohan Drive (ag1576),Radhey Mohan Drive,"For Rent, For Sale",ag1576,,Farm House,,6,6,,"Lawn, Swimming Pool"
Vasant Kunj Farms (ag1580),Vasant Kunj Farms,For Rent,ag1580,,Farm House,1,7,7,,
Anand Niketan (ag1591),Anand Niketan,For Rent,ag1591,16,Entire Building,1,,,,"Air Conditioning, Gas Pipeline, Generator, Staff Quarter"
Vasant Vihar (ag353),Vasant Vihar,For Rent,ag353,,Apartment,1,5,5,,"Air Conditioning, Basement, Driveway Parking, Gas Pipeline, Generator, Staff Quarter"
Vasant Vihar (ag1598),Vasant Vihar,For Rent,ag1598,,Apartment,1,4,4,,"Air Conditioning, Equipped Kitchen, Gas Pipeline, Power Backup, Stilt Parking"
Vasant Vihar (ag667),Vasant Vihar,For Rent,ag667,,Apartment,1,2,2,,"Fully Furnished, Gas Pipeline, Power Backup, Staff Quarter"
Bandh Road (ag1037),Bandh Road,For Rent,ag1037,,Farm House,1,5,5,,Swimming Pool
Satbari (ag1604),Satbari,For Rent,ag1604,,Farm House,1,4,4,,"Furnished, Generator, Lawn, Staff Quarter, Swimming Pool"
Chattarpur (ag1605),Chattarpur,For Rent,ag1605,,Farm House,,5,4,,Staff Quarter
Gadaipur (ag1609),Gadaipur,For Rent,ag1609,,Farm House,,6,6,,"Dining Room, Lawn, Living Room, Marble Floors, Powder Room, Power Backup, Swimming Pool"
Gadaipur (ag1612),Gadaipur,For Rent,ag1612,,Farm House,1,4,4,,"Air Conditioning, Dining Room, Equipped Kitchen, Generator, Lawn, Security, Staff Quarter, Swimming Pool"
Vasant Kunj Farms  (ag1613),Vasant Kunj Farms,For Rent,ag1613,,Farm House,1,3,3,,
Anand Niketan (ag1528),Anand Niketan,For Rent,ag1528,,Apartment,1,3,3,,
Defence Colony (ag937-1),Defence Colony,For Rent,ag937-1,,Apartment,1,3,3,,"Fully Furnished, Generator, Park Facing, Staff Quarter, Stilt Parking"
Sultanpur (ag1615),Sultanpur,For Rent,ag1615,,Farm House,,,,,"Equipped Kitchen, Swimming Pool"
Pushpanjali (ag1270),Pushpanjali,For Sale,ag1270,,Farm House,,4,4,,Staff Quarter
Chanakyapuri (ag1616),Chanakyapuri,For Rent,ag1616,16,Entire Building,,,,,"Air Conditioning, Basement, Driveway Parking, Gas Pipeline"
Vasant Vihar (ag419-1),Vasant Vihar,For Rent,ag419-1,,Apartment,,4,4,,"Air Conditioning, Driveway Parking, Equipped Kitchen, Gas Pipeline, Power Backup, Staff Quarter"
Jor Bagh (ag1029),Jor Bagh,For Rent,ag1029,,Apartment,1,3,3,,"Air Conditioning, Lift, Outside Parking, Park Facing, Power Backup, Staff Quarter, Terrace"
Vasant Vihar (ag752),Vasant Vihar,For Rent,ag752,,Apartment,,4,4,,"Air Conditioning, Equipped Kitchen, Gas Pipeline, Power Backup, Staff Quarter"
Vasant Kunj Farms (ag918),Vasant Kunj Farms,For Rent,ag918,,Farm House,1,5,5,,"Fruit & Vegetable Garden, Generator, Lawn, Swimming Pool"
Anand Niketan (ag600-1),Anand Niketan,For Sale,ag600-1,,Apartment,1,4,4,North-East,"Air Conditioning, Gas Pipeline, Lift, Power Backup, Staff Quarter"
Shanti Niketan (ag1411-1),Shanti Niketan,For Rent,ag1411-1,,Apartment,,4,4,,"Air Conditioning, Driveway Parking, Equipped Kitchen, Gas Pipeline, Power Backup"
Green Park Main (ag1623),Green Park Main,For Rent,ag1623,,Apartment,1,3,3,,"Air Conditioning, Dining Room, Gas Pipeline, Inverter, Lift, Stilt Parking"
Golf Links (ag1384),Golf Links,For Rent,ag1384,,Independent House,1,6,6,,"Air Conditioning, Equipped Kitchen, Inverter, Lawn, Park Facing, Staff Quarter"
Vasant Vihar (ag1625),Vasant Vihar,For Rent,ag1625,,Apartment,1,2,2,,"Air Conditioning, Driveway Parking, Gas Pipeline, Terrace"
Vasant Kunj Farms (ag1569),Vasant Kunj Farms,For Rent,ag1569,,Farm House,,6,6,,"Air Conditioning, Dining Room, Laundry Room, Lawn, Living Room, Marble Floors, Powder Room, Power Backup, Staff Quarter, Swimming Pool"
Green Park Extension (ag1626),Green Park Extension,For Rent,ag1626,,Apartment,1,4,4,,"Furnished, Gas Pipeline, Power Backup, Security, Staff Quarter, Stilt Parking, UPVC Window"
Vasant Kunj Farms (ag1035),Vasant Kunj Farms,For Rent,ag1035,,Farm House,1,5,5,,Swimming Pool
Hauz Khas (ag921),Hauz Khas,For Rent,ag921,,Apartment,1,4,4,North East,"Gas Pipeline, Power Backup, Security, Staff Quarter, Stilt Parking, UPVC Window"
SafdarJung Enclave (ag1631),Safdarjung Enclave,For Rent,ag1631,12,Entire Building,,,14,North West,"Air Conditioning, Brand New, Equipped Kitchen, Gas Pipeline, Staff Quarter, Stilt Parking, UPVC Window"
SafdarJung Enclave (ag1632),Safdarjung Enclave,For Sale,ag1632,,Apartment,,4,5,South,"Air Conditioning, Equipped Kitchen, Lift, Stilt Parking, Terrace"
Shanti Niketan (ag210),Shanti Niketan,For Rent,ag210,,Apartment,1,3,3,,"Air Conditioning, Equipped Kitchen, Gas Pipeline, Generator, Lift, Staff Quarter, Stilt Parking"
SafdarJung Enclave (ag1635),Safdarjung Enclave,For Sale,ag1636,,Apartment,,3,4,South,"Air Conditioning, Equipped Kitchen, Staff Quarter, Stilt Parking"
Chatterpur (ag1021),Chattarpur,For Rent,ag1021,,Farm House,1,6,6,,"Air Conditioning, Generator, Lawn, Swimming Pool"
Chatterpur (ag540),Chattarpur,For Rent,ag540,,Farm House,,7,7,,"Air Conditioning, Fully Furnished, Generator, Lawn, Security, Staff Quarter, Swimming Pool"
Defence Colony (ag1014),Defence Colony,For Rent,ag1014,,Apartment,1,3,3,,"Air Conditioning, Equipped Kitchen, Gas Pipeline, Outside Parking, Power Backup, Terrace"
Vasant Vihar (ag825),Vasant Vihar,For Sale,ag825,,Apartment,1,,,,"Equipped Kitchen, Gas Pipeline, Park Facing, Staff Quarter, Stilt Parking"
SDA (ag348),SDA,For Rent,ag348,,Apartment,1,4,4,,"Air Conditioning, Equipped Kitchen, Gas Pipeline, Generator, Lift, Stilt Parking"
Jor Bagh (ag827),Jor Bagh,For Rent,ag824,,Apartment,1,4,4,,"Equipped Kitchen, Lift, Park Facing, Power Backup, Staff Quarter, Stilt Parking, Terrace"
Defence Colony(ag1404),Defence Colony,For Rent,ag1404,,Apartment,1,4,4,,"Gas Pipeline, Power Backup, Security, Semi Furnished, Staff Quarter, Stilt Parking"
Sundar Nagar (ag1049-1),Sundar Nagar,For Rent,ag1049,,Apartment,,4,4,,
Defence Colony (ag1648),Defence Colony,For Rent,ag1648,,Apartment,1,3,3,,"Air Conditioning, Gas Pipeline, Power Backup, Security, Staff Quarter, Stilt Parking"
Vasant Kunj Farms (ag1653),Vasant Kunj Farms,For Rent,ag1653,,Farm House,,4,4,,"Dining Room, Fully Furnished, Laundry Room, Lawn, Marble Floors, Powder Room, Power Backup"
Vasant Kunj Farms  (ag1654),Vasant Kunj Farms,For Rent,ag1654,,Farm House,,4,4,,"Air Conditioning, Brand New, Dining Room, Laundry Room, Lawn, Lift, Marble Floors, Powder Room, Power Backup, Stilt Parking"
Vasant Kunj Farms  (ag1655),Vasant Kunj Farms,For Rent,ag1655,,Farm House,,4,4,,"Air Conditioning, Dining Room, Laundry Room, Lawn, Living Room, Powder Room, Power Backup"
Defence Colony (ag976),Defence Colony,For Rent,ag976,,Apartment,,1,1,,"Air Conditioning, Generator, Park Facing, Stilt Parking"
Defence Colony (ag1175),Defence Colony,For Rent,ag1175,,Apartment,1,2,2,,"Air Conditioning, Fully Furnished, Generator"
Shanti Niketan (ag418),Shanti Niketan,For Rent,ag418,,Independent House,1,3,3,,"Air Conditioning, Gas Pipeline, Power Backup, Staff Quarter"
Vasant Kunj Farms  (ag1659),Vasant Kunj Farms,For Rent,ag1659,,Farm House,1,4,4,,
Vasant Kunj Farms (ag1660),Vasant Kunj Farms,For Rent,ag1660,,Farm House,,5,5,,Brand New
Vasant Kunj Farms (ag1661),Vasant Kunj Farms,"For Rent, For Sale",ag1661,,Farm House,1,5,5,,
Vasant Kunj Farms (ag1662),Vasant Kunj Farms,For Rent,ag1662,,Farm House,,3,3,,"Basement, Staff Quarter"
Anand Niketan (ag1225),Anand Niketan,For Rent,ag1225,,Apartment,1,3,3,,"Air Conditioning, Driveway Parking, Gas Pipeline, Power Backup"
SafdarJung Enclave (ag1668),Safdarjung Enclave,For Rent,ag1668,,Apartment,1,4,3,,"Gas Pipeline, Inverter, Semi Furnished, Stilt Parking"
Vasant Kunj Farms (ag1671),Vasant Kunj Farms,For Rent,ag1671,,Farm House,,6,6,,"Air Conditioning, Dining Room, Laundry Room, Lawn, Living Room, Marble Floors, Powder Room, Power Backup, Swimming Pool"
Nizamuddin East (ag239-1),Nizamuddin East,For Rent,ag239-1,,Apartment,1,4,4,,"Air Conditioning, Equipped Kitchen, Gas Pipeline, Lift, Powder Room, Power Backup, Stilt Parking"
Vasant Vihar (ag1676),Vasant Vihar,For Rent,ag1676,,Apartment,1,2,2,,"Front Terrace, Fully Furnished, Gas Pipeline, Generator"
Anand Niketan (ag1679),Anand Niketan,For Rent,ag1679,,Apartment,,3,3,,"Air Conditioning, Brand New, Gas Pipeline, Park Facing, Stilt Parking"
Vasant Vihar (ag1454),Vasant Vihar,For Rent,ag1454,,Apartment,,3,3,,"Air Conditioning, Driveway Parking, Equipped Kitchen, Gas Pipeline, Inverter"
Shanti Niketan (ag211-1),Shanti Niketan,For Rent,ag211-1,,Apartment,1,3,3,,"Air Conditioning, Gas Pipeline, Lift, Power Backup, Staff Quarter, Terrace"
Vasant Kunj Farms (ag1681),Vasant Kunj Farms,For Rent,ag1681,,Farm House,,4,4,,"Air Conditioning, Dining Room, Laundry Room, Living Room, Marble Floors, Powder Room, Power Backup, Swimming Pool"
Vasant Kunj Farms (ag1674),Vasant Kunj Farms,For Rent,ag1674,,Farm House,1,4,4,,"Air Conditioning, Dining Room, Equipped Kitchen, Laundry Room, Marble Floors, Powder Room, Power Backup, Swimming Pool"
Defence Colony (ag696),Defence Colony,For Rent,ag696,,Apartment,1,3,3,,"Air Conditioning, Equipped Kitchen, Gas Pipeline, Lift, Security, Staff Quarter, Stilt Parking"
Chanakyapuri (ag694-1),Chanakyapuri,For Rent,ag694-1,,Apartment,1,3,3,,"Air Conditioning, Equipped Kitchen, Gas Pipeline, Power Backup"
Chanakyapuri (ag1683),Chanakyapuri,For Rent,ag1683,,Apartment,1,3,3,,"Air Conditioning, Equipped Kitchen, Gas Pipeline, Power Backup, Stilt Parking"
SDA (ag1684),SDA,For Rent,ag1684,,Apartment,,4,5,,"Air Conditioning, Brand New, Equipped Kitchen, Gas Pipeline, Power Backup, Staff Quarter, Stilt Parking"
Vasant Vihar (ag727-1),Vasant Vihar,For Rent,ag727-1,,Apartment,,2,3,,"Air Conditioning, Driveway Parking, Gas Pipeline, Power Backup, Staff Quarter, Terrace"
Defence Colony (ag1688),Defence Colony,For Rent,ag1688,,Apartment,1,4,4,,"Air Conditioning, Dining Room, Gas Pipeline, Lift, Powder Room, Power Backup, Security, Stilt Parking"
Defence Colony (ag1689),Defence Colony,For Rent,ag1689,,Apartment,1,3,3,,"Air Conditioning, Dining Room, Gas Pipeline, Power Backup, Security, Stilt Parking"
Defence Colony (ag1690),Defence Colony,For Rent,ag1690,,Apartment,1,3,3,,"Air Conditioning, Brand New, Dining Room, Gas Pipeline, Lift, Power Backup, Security, Stilt Parking, Study Room"
Westend (ag1526-1),Westend,For Rent,ag1526-1,,Apartment,,4,5,,"Air Conditioning, Dining Room, Equipped Kitchen, Gas Pipeline, Generator, Lift, Living Room, Stilt Parking"
SafdarJung Enclave(ag561),Safdarjung Enclave,For Rent,ag561,,Apartment,1,3,3,,"Fully Furnished, Gas Pipeline, Lift, Power Backup"
SafdarJung Enclave (ag1691),Safdarjung Enclave,For Rent,ag1691,,Apartment,,3,4,,"Air Conditioning, Brand New, Equipped Kitchen, Gas Pipeline, Inverter, Security, Staff Quarter, Stilt Parking"
Vasant Kunj Farms (ag1695),Vasant Kunj Farms,For Rent,ag1695,,Farm House,,4,4,,"Dining Room, Fully Furnished, Gym Room, Lawn, Living Room, Marble Floors, Power Backup, Study Room"
Vasant Kunj Farms (ag1682),Vasant Kunj Farms,For Rent,ag1682,,Farm House,,5,5,,"Air Conditioning, Dining Room, Laundry Room, Living Room, Marble Floors, Powder Room, Power Backup, Swimming Pool"
Chanakyapuri (ag1028),Chanakyapuri,For Rent,ag1028,,Apartment,1,3,3,,"Air Conditioning, Equipped Kitchen, Gas Pipeline, Lift, Outside Parking, Park Facing, Power Backup, Staff Quarter"
Vasant Vihar (ag512),Vasant Vihar,For Rent,ag512,,Apartment,1,4,4,,"Air Conditioning, Equipped Kitchen, Gas Pipeline, Lift, Power Backup, Staff Quarter"
Defence Colony (ag1680),Defence Colony,For Rent,ag1680,,Apartment,1,4,5,North,"Air Conditioning, Equipped Kitchen, Gas Pipeline, Inverter, Security, Staff Quarter, Stilt Parking"
Golf Links (ag1699),Golf Links,For Rent,ag1699,,Apartment,,4,4,,"Air Conditioning, Gas Pipeline, Living Room, Park Facing"
G.K-1 (ag1702),,For Rent,ag1702,,Apartment,1,4,4,,"Air Conditioning, Brand New, Equipped Kitchen, Gas Pipeline, Staff Quarter, Stilt Parking"
Defence Colony (ag1693),Defence Colony,For Rent,ag1693,,Apartment,1,4,4,,"Air Conditioning, Brand New, Equipped Kitchen, Gas Pipeline, Generator, Security, Staff Quarter, Stilt Parking"
Nizamuddin East (ag1705),Nizamuddin East,For Rent,ag1705,,Apartment,,4,6,,"Air Conditioning, Dining Room, Gas Pipeline, Living Room, Terrace"
Jor Bagh (ag1708),Jor Bagh,For Rent,ag1708,,Apartment,1,4,4,,"Air Conditioning, Equipped Kitchen, Gas Pipeline, Park Facing, Quiet Location"
Jor Bagh (ag947-1),Jor Bagh,For Rent,ag947-1,,Apartment,1,3,3,,"Fully Furnished, Wide Road"
Defence Colony (ag1710),Defence Colony,For Rent,ag1710,,Apartment,,3,3,North,"Air Conditioning, Equipped Kitchen, Gas Pipeline, Generator, Lift, Security, Staff Quarter, Stilt Parking, UPVC Window"
Safdarjung Enclave (ag234-1),Safdarjung Enclave,For Rent,ag234-1,,Apartment,1,3,3,,"Air Conditioning, Equipped Kitchen, Gas Pipeline, Lift, Power Backup, Staff Quarter"
SafdarJung Enclave (ag1602),Safdarjung Enclave,For Rent,ag1602,,Apartment,1,3,,,"Air Conditioning, Gas Pipeline, Inverter, Outside Parking, Staff Quarter"
Shanti Niketan (ag1712),Shanti Niketan,For Rent,ag1712,,Apartment,1,4,4,,"Air Conditioning, Brand New, Equipped Kitchen, Gas Pipeline, Power Backup, Stilt Parking"
Vasant Kunj Bhawani Kunj (ag1713),Vasant Kunj Bhawani Kunj,For Rent,ag1713,,Apartment,1,3,3,,"Furnished, Lift, Power Backup, Security, Stilt Parking, UPVC Window"
Defence Colony (ag1714),Defence Colony,For Rent,ag1714,,Apartment,,3,4,East,"Air Conditioning, Equipped Kitchen, Gas Pipeline, Lift, Park Facing, Power Backup, Security, Staff Quarter"
Westend (ag1526-2),Westend,For Rent,ag1526-2,,Apartment,1,4,4,,"Air Conditioning, Basement, Gas Pipeline, Power Backup, Staff Quarter, Stilt Parking"
Vasant Vihar (ag310-1),Vasant Vihar,For Rent,ag310-1,,Apartment,,4,5,,"Fully Furnished, Gas Pipeline, Park Facing, Power Backup, Staff Quarter, Stilt Parking"
Vasant Vihar (ag1642),Vasant Vihar,For Rent,ag1642,,Independent House,1,5,5,,"Air Conditioning, Gas Pipeline, Generator, Lawn, Staff Quarter, Swimming Pool"
Vasant Vihar (ag1719),Vasant Vihar,For Rent,ag1719,,Apartment,1,4,4,,"Air Conditioning, Equipped Kitchen, Gas Pipeline, Outside Parking"
Defence Colony (ag1574),Defence Colony,For Rent,ag1574,,Apartment,,3,3,,"Furnished, Inverter, Security, Staff Quarter, Stilt Parking"
SafdarJung Enclave (ag1721),Safdarjung Enclave,For Rent,ag1721,,Apartment,2,4,4,North,"Air Conditioning, Equipped Kitchen, Gas Pipeline, Lift, Power Backup, Security, Staff Quarter, Stilt Parking, UPVC Window"
Anand Niketan (ag1722),Anand Niketan,For Sale,ag1722,,Apartment,1,4,4,,"Air Conditioning, Equipped Kitchen, Gas Pipeline, Power Backup, Staff Quarter, Stilt Parking"
SDA (ag1723),SDA,For Rent,ag1723,,Apartment,1,3,3,,"Fully Furnished, Power Backup, Stilt Parking"
Defence Colony (ag697-3),Defence Colony,For Rent,ag697-3,2,Apartment,,,2,,"Air Conditioning, Brand New, Lift, Stilt Parking"
G.K-1 (ag969),G.K-1,For Rent,ag969,,Apartment,1,3,3,,"Furnished, Gas Pipeline, Power Backup"
SDA (ag1080),SDA,For Rent,ag1080,,Apartment,,3,3,,"Air Conditioning, Dining Room, Driveway Parking, Gas Pipeline, Inverter, Lift, Living Room, Marble Floors, Outside Parking, Stilt Parking, UPVC Window"
Vasant Vihar (ag1267),Vasant Vihar,For Rent,ag1267,,,1,4,4,,"Air Conditioning, Equipped Kitchen, Gas Pipeline, Power Backup, Staff Quarter, Terrace"
Dera Mandi (ag1373),Dera Mandi,For Rent,ag1373,,,,4,5,,"Furnished, Swimming Pool"
Vasant Vihar (ag1597),Vasant Vihar,For Rent,ag1597,,Apartment,1,4,4,,"Air Conditioning, Driveway Parking, Equipped Kitchen, Gas Pipeline, Power Backup"
Anand Niketan (ag1724),Anand Niketan,For Rent,ag1724,,Apartment,1,4,4,,"Lift, Park Facing, Semi Furnished, Staff Quarter"
Vasant Vihar (ag310-2),Vasant Vihar,For Rent,ag310-2,,,,,,,
Ghitorni (ag1511),Ghitorni,For Rent,ag1511,,Farm House,,,,,
Dera Mandi (ag1356),Dera Mandi,For Sale,ag1356,,,,5,5,,Swimming Pool
Golf Links (ag1696),Golf Links,For Rent,ag1696,,Apartment,,2,2,,"Air Conditioning, Gas Pipeline, Living Room"
Chanakyapuri (ag853-1),Chanakyapuri,For Rent,ag853-1,,Apartment,1,3,3,,"Lift, Power Backup"
Defence Colony (ag1345),Defence Colony,For Rent,ag1345,,Apartment,,3,3,,Air Conditioning
Defence Colony (ag361-3),Defence Colony,For Rent,ag361-3,,Apartment,1,3,3,,"Fully Furnished, Lift, Power Backup, Security, Staff Quarter"
SafdarJung Enclave(ag459-2),Safdarjung Enclave,For Rent,ag459-2,,Apartment,1,3,3,,"Air Conditioning, Equipped Kitchen, Gas Pipeline, Lift, Power Backup"
Defence Colony (ag1725),Defence Colony,"For Rent, For Sale",ag1725,,Apartment,1,4,4,North West &amp; South East,"Air Conditioning, Corner Plot, Equipped Kitchen, Gas Pipeline, Power Backup, Staff Quarter, Stilt Parking, UPVC Window"
Defence Colony (ag819-2),Defence Colony,For Rent,ag819-2,,Apartment,1,3,3,,"Air Conditioning, Equipped Kitchen, Gas Pipeline, Lift, Park Facing, Power Backup, Security, Stilt Parking, Terrace"
Anand Niketan (ag308-1),Anand Niketan,For Rent,ag308-1,,Apartment,1,3,3,,"Air Conditioning, Equipped Kitchen, Gas Pipeline, Lift, Power Backup, Staff Quarter"
Vasant Vihar (ag150-1),Vasant Vihar,For Rent,ag150-1,,Apartment,1,3,3,,"Air Conditioning, Equipped Kitchen, Gas Pipeline, Power Backup, Stilt Parking"
Anand Niketan (ag956),Anand Niketan,For Rent,ag956,,Apartment,1,3,3,,"Air Conditioning, Park Facing, Power Backup, Stilt Parking"
Vasant Vihar (ag770),Vasant Vihar,For Rent,ag770,,Apartment,1,4,5,,"Gas Pipeline, Power Backup, Semi Furnished, Staff Quarter"
G.K-2 (ag1727),G.K-2,For Rent,ag1727,,Apartment,1,3,3,,"Air Conditioning, Lift, Security"
Vasant Vihar (ag1378-1),Vasant Vihar,For Rent,ag1378-1,,Apartment,1,4,5,,"Air Conditioning, Gas Pipeline, Power Backup, Staff Quarter, Stilt Parking"
Defence Colony (ag1400),Defence Colony,For Rent,ag1400,,Apartment,,2,2,,"Furnished, Gas Pipeline, Inverter, Park Facing, Staff Quarter"
Defence Colony (ag793-1),Defence Colony,For Rent,ag793-1,,Apartment,1,3,3,,"Outside Parking, Terrace"
Defence Colony (ag378),Defence Colony,For Rent,ag378,,Apartment,1,2,2,,"Fully Furnished, Gas Pipeline, Generator, Lawn, Lift, Outside Parking"
SafdarJung Enclave(ag1292),Safdarjung Enclave,For Rent,ag1292,,Apartment,,3,3,,"Air Conditioning, Equipped Kitchen, Gas Pipeline, Outside Parking, Power Backup, Terrace"
Defence Colony (ag760),Defence Colony,For Rent,ag760,,Apartment,1,2,2,,Fully Furnished
Defence Colony (ag425),Defence Colony,For Rent,ag425,,Apartment,1,2,2,,"Fully Furnished, Gas Pipeline, Generator, Lift, Staff Quarter, Stilt Parking"
Vasant Vihar (ag307),Vasant Vihar,For Rent,ag307,,Apartment,1,3,3,,"Air Conditioning, Gas Pipeline, Generator, Security, Staff Quarter, Terrace"
Nizamuddin East (ag1729),Nizamuddin East,For Rent,ag1729,,Apartment,,3,3,,"Balcony, Fully Furnished, Lift, Security"
SDA (ag1730),SDA,For Rent,ag1730,,Apartment,1,4,4,,"Gas Pipeline, Security, Staff Quarter"
Golf Links (ag1731),Golf Links,For Rent,ag1731,,Independent House,1,5,5,,"Brand New, Fully Furnished, Gas Pipeline, Lawn, Lift"
Jangpura Extension (ag1732),Jangpura Extension,For Rent,ag1732,,Apartment,1,3,3,,"Balcony, Fully Furnished, Lift, Park Facing, Quiet Location, Security, Stilt Parking"
G.K-2 (ag1735),G.K-2,For Rent,ag1735,,Apartment,1,3,3,North &amp; East,"Air Conditioning, Balcony, Equipped Kitchen, Gas Pipeline, Terrace"
G.K-2 (ag1736),G.K-2,For Rent,ag1736,,Apartment,1,4,4,,Furnished
G.K Enclave 1,G.K Enclave 1,For Rent,ag1737,,Apartment,1,4,4,,"Furnished, Gas Pipeline"
Westend (ag1738),Westend,For Rent,ag1738,,Apartment,,4,4,,"Fully Furnished, Gas Pipeline, Power Backup, Staff Quarter, Stilt Parking"
Anand Niketan (ag303),Anand Niketan,For Rent,ag303,,Entire Building,yes,11,9,,"Air Conditioning, Gas Pipeline, Generator, Lift, Park Facing, Staff Quarter, Terrace"
Defence Colony (ag1701-1),Defence Colony,For Rent,ag1701-1,,Apartment,1,4,4,,"Air Conditioning, Gas Pipeline, Power Backup, Security, Staff Quarter, Stilt Parking"
Anand Niketan (ag407),Anand Niketan,For Rent,ag407,,Apartment,1,3,3,,"Air Conditioning, Equipped Kitchen, Gas Pipeline, Generator, Outside Parking"
SafdarJung Enclave (ag1718),Safdarjung Enclave,For Rent,ag1718,,Apartment,,3,3,,"Air Conditioning, Equipped Kitchen, Gas Pipeline, Lift, Stilt Parking, UPVC Window"
Defence Colony (ag1639-1),Defence Colony,For Rent,ag1639-1,,Apartment,1,3,3,,"Balcony, Fully Furnished, Gas Pipeline, Lift, Living Room, Stilt Parking"
SafdarJung Enclave(ag538),Safdarjung Enclave,For Rent,ag538,,Apartment,1,4,4,,"Air Conditioning, Equipped Kitchen, Gas Pipeline, Lift, Power Backup, Staff Quarter"
Vasant Vihar (ag329-1),Vasant Vihar,For Rent,ag329-1,,Apartment,,4,5,,"Air Conditioning, Basement, Equipped Kitchen, Gas Pipeline, Generator, Living Room, Staff Quarter, Stilt Parking"
Shanti Niketan (ag140),Shanti Niketan,For Rent,ag140,,Apartment,,4,5,,"Air Conditioning, Driveway Parking, Generator, Lawn, Staff Quarter"
SafdarJung Enclave (ag1711),Safdarjung Enclave,For Rent,ag1711,,Apartment,,1,1,West,"Furnished, Gas Pipeline, Lift, Power Backup, Security, Stilt Parking, Terrace, UPVC Window"
Vasant Vihar (ag145),Vasant Vihar,For Rent,ag145,,Apartment,1,4,4,,"Air Conditioning, Basement, Gas Pipeline, Generator, Lift, Staff Quarter"
Vasant Vihar (ag1129-1),Vasant Vihar,For Rent,ag1129-1,,Apartment,1,3,3,,"Air Conditioning, Equipped Kitchen, Gas Pipeline, Lift, Living Room"
Vasant Vihar (ag1740),Vasant Vihar,For Rent,ag1740,,Apartment,,4,5,,"Air Conditioning, Brand New, Equipped Kitchen, Gas Pipeline, Power Backup, Staff Quarter, Stilt Parking"
Vasant Vihar (ag1728),Vasant Vihar,For Rent,ag1728,,Apartment,1,4,5,,"Air Conditioning, Gas Pipeline, Power Backup, Staff Quarter, Stilt Parking"
Vasant Vihar (ag712),Vasant Vihar,For Rent,ag712,,Apartment,1,4,4,,"Air Conditioning, Equipped Kitchen, Gas Pipeline, Lift, Power Backup, Staff Quarter, Terrace"
Vasant Vihar (ag558),Vasant Vihar,For Rent,ag558,,Apartment,1,4,4,,"Air Conditioning, Brand New, Equipped Kitchen, Gas Pipeline, Lift, Stilt Parking"
Vasant Vihar (ag1742),Vasant Vihar,For Rent,ag1742,,Apartment,1,4,4,,"Air Conditioning, Equipped Kitchen, Gas Pipeline, Power Backup, Staff Quarter, Stilt Parking"
Anand Niketan (ag1562),Anand Niketan,For Rent,ag1562,,Apartment,1,4,4,,"Air Conditioning, Equipped Kitchen, Staff Quarter, Terrace"
Panchsheel Park (ag1429-1),Panchsheel Park,For Sale,ag1429-1,,Apartment,1,3,3,South,"Air Conditioning, Equipped Kitchen, Gas Pipeline, Power Backup, Staff Quarter"
Anand Niketan (ag1412),Anand Niketan,For Rent,ag1412,,Apartment,1,4,4,,"Air Conditioning, Equipped Kitchen, Gas Pipeline, Power Backup, Semi Furnished, Stilt Parking"
SafdarJung Enclave (ag1744),Safdarjung Enclave,For Rent,ag1744,,Apartment,1,3,3,,"Air Conditioning, Brand New, Equipped Kitchen, Gas Pipeline, Power Backup, Security, Staff Quarter, Stilt Parking"
Chanakyapuri (ag1743),Chanakyapuri,For Rent,ag1743,,Apartment,1,3,3,,"Air Conditioning, Gas Pipeline, Living Room, Power Backup, Security, Staff Quarter, Stilt Parking"
Anand Niketan (ag485-1),Anand Niketan,For Rent,ag485-1,,Apartment,1,4,4,,"Gas Pipeline, Lift, Living Room, Power Backup, Security, Semi Furnished, Stilt Parking"
Anand Niketan (ag1745),Anand Niketan,For Rent,ag1745,,Apartment,1,3,3,,"Air Conditioning, Gas Pipeline, Power Backup, Stilt Parking"
Defence Colony (ag1709),Defence Colony,For Rent,ag1709,,Apartment,,3,3,North West,"Air Conditioning, Equipped Kitchen, Gas Pipeline, Lift, Security, Staff Quarter, Stilt Parking, UPVC Window"
SafdarJung Enclave(ag1409),Safdarjung Enclave,For Rent,ag1409,,Apartment,,4,4,,"Air Conditioning, Equipped Kitchen, Gas Pipeline, Power Backup, Staff Quarter, Stilt Parking"
Defence Colony (ag1554),Defence Colony,For Rent,ag1554,,Apartment,1,3,3,,"Air Conditioning, Equipped Kitchen, Gas Pipeline, Generator, Security, Staff Quarter"
Vasant Vihar (ag1746),Vasant Vihar,For Rent,ag1746,25,Entire Building,,,,,"Air Conditioning, Driveway Parking, Equipped Kitchen, Gas Pipeline, Lawn, Power Backup"
Vasant Vihar (ag196),Vasant Vihar,For Rent,ag196,,Apartment,,,,,"Air Conditioning, Gas Pipeline, Generator, Lift, Staff Quarter, Stilt Parking"
Friends Colony West (ag1747),Friends Colony West,For Rent,ag1747,,Independent House,,4,4,,"Air Conditioning, Basement, Dining Room, Gas Pipeline, Lawn, Living Room, Power Backup"
Westend (ag1748),Westend,For Sale,ag1748,,Apartment,,3,3,,"Air Conditioning, Gas Pipeline, Powder Room, Power Backup, Staff Quarter, Terrace"
Vasant Vihar (ag1111),Vasant Vihar,For Rent,ag1111,,Apartment,1,4,4,,"Air Conditioning, Brand New, Equipped Kitchen, Gas Pipeline, Power Backup, Staff Quarter"
Vasant Vihar (ag150-2),Vasant Vihar,For Rent,ag150-2,,Apartment,1,3,3,,"Air Conditioning, Equipped Kitchen, Gas Pipeline, Power Backup, Stilt Parking"
Vasant Vihar (ag171-2),Vasant Vihar,For Rent,ag171-2,,Apartment,1,4,4,,"Air Conditioning, Equipped Kitchen, Gas Pipeline, Power Backup, Stilt Parking"
Shanti Niketan (ag1749),Shanti Niketan,For Rent,ag1749,,Apartment,1,4,4,,"Air Conditioning, Equipped Kitchen, Gas Pipeline, Power Backup, Stilt Parking"
SafdarJung Enclave (ag1751),Safdarjung Enclave,For Rent,ag1751,,Apartment,,4,3,,"Fully Furnished, Gas Pipeline, Security, Stilt Parking, UPVC Window"
Hauz Khas (ag1752),Hauz Khas,For Rent,ag1752,,Apartment,1,4,4,,"Air Conditioning, Equipped Kitchen, Gas Pipeline, Staff Quarter, Stilt Parking, UPVC Window"
Defence Colony (ag1750),Defence Colony,For Rent,ag1750,,Apartment,,4,5,,"Air Conditioning, Balcony, Brand New, Equipped Kitchen, Gas Pipeline, Lift, Staff Quarter, Stilt Parking"
Westend (ag1715),Westend,For Rent,ag1715,,Apartment,1,4,4,,"Air Conditioning, Driveway Parking, Gas Pipeline, Power Backup, Staff Quarter"
Anand Niketan (ag470),Anand Niketan,For Rent,ag470,,Apartment,,3,3,,"Driveway Parking, Equipped Kitchen, Gas Pipeline, Power Backup, Staff Quarter"
Vasant Vihar (ag1753),Vasant Vihar,For Rent,ag1753,,Apartment,1,4,5,,"Air Conditioning, Equipped Kitchen, Gas Pipeline, Security, Staff Quarter, Terrace"
